,Lat,Lng,City,temperature,humidity,cloudiness,windSpeed
0,85.55022415030803,-131.3102258632831,tuktoyaktuk,281.15,93.0,90.0,4.1
1,53.15760376240112,-50.23531875127867,bonavista,291.371,83.0,56.0,4.91
3,-2.0204830582580513,49.99142264348856,victoria,298.15,94.0,75.0,0.5
4,49.89305993796131,130.41525694427645,talakan,295.071,77.0,20.0,1.66
5,-0.12330348508754696,-97.14357467573527,puerto ayora,296.15,69.0,40.0,8.7
6,-46.14404705652846,-149.15352848343898,mataura,281.271,88.0,20.0,2.01
7,27.876442958857822,127.70203335518187,nago,295.58,69.0,40.0,1.5
8,30.97399110385176,38.50654609028294,turayf,298.15,41.0,0.0,4.1
9,89.0585733907435,-165.76403964780494,barrow,284.371,48.0,8.0,5.46
11,2.621851834987865,158.75815034634422,namatanai,299.171,100.0,88.0,2.01
12,14.025021851236119,-143.23544004392457,hilo,300.02,65.0,90.0,4.1
13,-38.236591658640414,-75.23730419095767,lebu,286.15,87.0,75.0,2.1
14,-27.720510697453435,-101.23835997926756,pisco,290.371,86.0,0.0,1.76
15,13.625151607148112,-115.31662899288652,cabo san lucas,305.82,48.0,20.0,6.2
16,-42.017231057384485,-93.56528384539156,ancud,282.821,97.0,100.0,2.51
17,-38.250542404963646,-177.62760378092025,vaini,293.971,98.0,92.0,4.36
18,42.72478685168397,-138.10610875763177,port hardy,291.15,72.0,75.0,4.6
19,17.575346643726633,-154.98143873042187,hilo,300.02,65.0,90.0,4.1
20,82.7233485964812,-166.52641226161103,barrow,284.371,48.0,8.0,5.46
21,-62.07724140297243,-65.08349149668426,ushuaia,274.15,64.0,0.0,2.6
22,78.25493164737185,111.70609682817815,saskylakh,287.171,71.0,0.0,6.11
24,11.186608697448392,-36.27833867467777,sao filipe,298.571,98.0,92.0,2.56
26,58.47325562333518,-116.988940560188,high level,302.15,30.0,75.0,1.5
27,31.432404873442778,-154.01100994326086,ahuimanu,300.51,94.0,90.0,4.1
28,3.1100751130561832,27.829388029291238,isiro,293.171,98.0,24.0,0.96
29,21.88780557190273,94.18067387972172,monywa,296.371,99.0,92.0,1.96
31,74.50249780849703,-43.47015872537048,ilulissat,282.15,61.0,40.0,0.5
32,-55.60959833519683,13.18392122645372,hermanus,282.921,85.0,24.0,4.06
33,-67.46223401227678,-23.41274563201108,mar del plata,282.471,81.0,48.0,1.51
34,89.17718669163602,-66.50675658452008,qaanaaq,278.421,82.0,80.0,4.56
36,23.878739863177557,-77.87917179466159,andros town,303.15,66.0,20.0,5.1
37,-67.65213772331511,141.87531124523065,hobart,283.15,81.0,90.0,3.6
38,4.687429293678193,129.35578105756832,pundaguitan,302.171,97.0,44.0,5.21
39,26.040461386902408,-17.946713292298455,adeje,296.671,87.0,88.0,3.01
40,6.71650997719631,-92.6464362367635,acajutla,300.871,76.0,48.0,1.21
41,64.62762344359672,171.2980022483958,komsomolskiy,279.321,91.0,80.0,4.76
42,-26.29449989259865,-60.67246755006262,presidencia roque saenz pena,285.071,65.0,0.0,5.01
43,53.49060571500158,62.313325301616544,komsomolets,291.871,80.0,48.0,1.21
44,12.165784638783592,79.46066534349313,vikravandi,299.971,94.0,88.0,5.71
45,-63.50707571618425,-129.1991102814477,rikitea,296.421,100.0,20.0,7.26
46,55.354789545880834,96.11569065039328,irbeyskoye,285.071,89.0,0.0,3.66
47,-81.34850215302848,-80.63948251442899,ushuaia,274.15,64.0,0.0,2.6
48,-10.821738193451097,28.134548765440627,mwense,287.821,48.0,0.0,2.31
49,61.77374391297633,-67.412636685591,iqaluit,278.15,86.0,90.0,6.2
50,-20.28185164576466,-137.5853331316803,rikitea,296.421,100.0,20.0,7.26
51,-49.863873321030376,137.70483889442778,new norfolk,283.15,81.0,90.0,3.6
53,27.886423346122015,-71.4562700465465,cockburn town,301.821,95.0,0.0,7.41
54,84.7335386998989,15.378273237486667,longyearbyen,281.15,81.0,20.0,5.7
55,-80.12266553657881,-138.96258653271414,rikitea,296.421,100.0,20.0,7.26
56,9.24191130324671,-1.1667020615314243,tamale,298.171,81.0,76.0,1.46
57,79.17528946340994,-120.55922750371394,norman wells,295.15,53.0,90.0,4.1
58,-30.85673995047626,143.44408123748548,broken hill,284.071,56.0,20.0,9.86
59,2.705507730645806,3.489113107297811,yenagoa,296.221,86.0,48.0,2.66
60,-68.19618676369015,135.63244337686672,new norfolk,283.15,81.0,90.0,3.6
61,9.24788644632244,-122.07488310732232,cabo san lucas,305.82,48.0,20.0,6.2
62,70.8069060918954,-118.62196749494485,yellowknife,287.15,87.0,90.0,1.0
65,-61.23108012451476,-69.92899171562003,ushuaia,274.15,64.0,0.0,2.6
66,-39.4428366851478,-12.103700515615515,jamestown,279.671,95.0,88.0,8.16
67,7.205539799452936,-168.8043224446181,kapaa,301.9,83.0,90.0,8.7
68,-81.7375539022148,54.15484703723402,port alfred,284.721,100.0,0.0,2.81
70,-89.6473876748336,-135.10588423607498,rikitea,296.421,100.0,20.0,7.26
71,61.1384783155373,-127.52469432925875,norman wells,295.15,53.0,90.0,4.1
72,-88.66754690330237,79.50366368959885,busselton,287.171,100.0,92.0,4.46
73,2.841729624007314,-84.81143711698806,muisne,297.571,84.0,88.0,2.56
74,-52.26964476872531,89.43927905293043,busselton,287.171,100.0,92.0,4.46
75,57.27642647969759,-103.58504991885816,la ronge,292.15,59.0,75.0,3.1
76,-6.56274246920222,156.4210944401023,buin,283.15,57.0,75.0,1.5
77,-2.9447947044685208,36.892459080815854,longido,283.571,93.0,0.0,1.21
78,-45.069472634382464,73.18167339932788,mahebourg,293.15,60.0,20.0,4.1
79,-24.793025683504382,8.789123020227578,walvis bay,285.971,100.0,0.0,4.36
80,7.213793616889262,144.1787453289117,airai,294.621,74.0,0.0,0.76
81,-3.94075488463983,-42.51833046913518,porto,293.15,100.0,90.0,0.86
83,17.36495491899035,94.22461461941117,pathein,297.921,98.0,92.0,3.56
84,36.68580716604511,39.53991937441458,viransehir,295.171,47.0,0.0,2.51
85,-64.50484230093713,102.98025541937619,albany,298.84,62.0,20.0,2.1
87,-9.999567087209584,-7.310194417524201,jamestown,279.671,95.0,88.0,8.16
89,-45.106241864658074,37.710679824368526,east london,287.971,100.0,0.0,4.01
90,-51.706851167642654,92.42099782625337,busselton,287.171,100.0,92.0,4.46
91,-85.97288195984387,119.22775083015637,albany,298.84,62.0,20.0,2.1
92,74.18130669082652,-7.700556283503431,klaksvik,284.15,100.0,92.0,3.1
93,29.502163950721382,113.08630530888848,yueyang,302.721,83.0,0.0,2.76
94,15.392709647630397,-165.39776783139777,kapaa,301.9,83.0,90.0,8.7
95,-13.413377720980037,-31.93640562337049,maceio,293.15,94.0,0.0,1.5
96,-59.364706678232324,-60.700645155751204,ushuaia,274.15,64.0,0.0,2.6
97,-68.98326954511668,-23.64870907678818,mar del plata,282.471,81.0,48.0,1.51
98,-74.80263863782356,-126.85992667999224,rikitea,296.421,100.0,20.0,7.26
101,66.5168625995442,-16.252059619683394,husavik,291.221,88.0,8.0,6.46
102,-2.363063146228825,-52.23182212589026,senador jose porfirio,299.121,82.0,64.0,1.36
103,-73.5827052876513,-76.95171488893574,ushuaia,274.15,64.0,0.0,2.6
104,-47.51927017023602,-4.991983431975029,cape town,285.15,87.0,20.0,5.7
105,9.828293729481757,-114.85897698901427,san patricio,282.121,78.0,20.0,1.31
106,-88.1879334558663,90.28743740449721,albany,298.84,62.0,20.0,2.1
107,-73.46561571672765,29.520548113813447,port elizabeth,301.68,74.0,1.0,1.86
108,-80.10607396225191,159.3019554021442,bluff,293.021,78.0,80.0,3.56
109,-1.4631268578144443,-139.6396508717826,atuona,299.671,99.0,0.0,8.71
110,-50.413627290776816,99.9017059767599,busselton,287.171,100.0,92.0,4.46
111,-7.788405741561206,136.51742463346824,merauke,299.171,91.0,88.0,5.11
112,14.75437752963714,-60.626927441922874,le vauclin,299.78,88.0,75.0,1.5
113,-28.925473116285133,128.135408458236,yulara,279.571,50.0,0.0,3.31
114,53.324733377987,-30.4254199427819,grindavik,285.74,87.0,0.0,4.1
116,1.7527141039504812,164.3670603642655,butaritari,302.571,100.0,48.0,1.61
117,-88.18690547605574,60.890419035777256,east london,287.971,100.0,0.0,4.01
118,14.901853868580034,127.34015075486116,gigmoto,301.421,99.0,64.0,5.21
119,69.58403033693997,14.586508992563608,stokmarknes,284.671,100.0,48.0,2.41
120,10.922318726803738,104.879327899011,chau doc,299.971,85.0,48.0,3.21
121,47.86362843116066,-144.25814420003553,sitka,309.221,29.0,12.0,7.36
123,-82.64073158144176,35.341763878136504,port elizabeth,301.68,74.0,1.0,1.86
124,9.652151131395385,-129.77970808943041,atuona,299.671,99.0,0.0,8.71
126,-56.57670097485364,-177.7749758851654,vaini,293.971,98.0,92.0,4.36
127,-64.66294303612457,-112.5087099126091,punta arenas,274.15,80.0,90.0,5.7
128,16.9080607792382,172.5257625593834,butaritari,302.571,100.0,48.0,1.61
129,16.703051253547372,-134.91988827376602,hilo,300.02,65.0,90.0,4.1
130,59.889135971404016,162.87935827797503,ossora,286.471,94.0,20.0,6.01
131,86.50807525471797,78.29517051431685,dikson,277.571,100.0,88.0,7.01
132,-18.005780891402935,-102.05225674179408,puerto ayora,296.15,69.0,40.0,8.7
133,40.77670409328945,76.89576790568037,at-bashi,278.821,94.0,0.0,1.21
134,-55.184327431890715,122.41844687840069,albany,298.84,62.0,20.0,2.1
135,-4.490884306794882,89.38632918294553,meulaboh,297.371,100.0,12.0,1.21
136,46.68598909528055,126.12518826963156,qinggang,302.521,90.0,56.0,2.31
137,39.833882604902016,109.78677895030336,dongsheng,302.471,86.0,0.0,3.31
138,47.676638944527014,89.44473499389716,altay,282.871,76.0,20.0,1.81
139,55.673583320273934,-135.66130742812925,sitka,309.221,29.0,12.0,7.36
140,41.492807890978554,120.0322496374302,yebaishou,294.571,94.0,0.0,1.86
141,4.947186644692394,16.562654750739426,carnot,293.371,96.0,48.0,2.21
143,58.54963321848783,-161.9350897886345,bethel,287.15,93.0,90.0,9.8
144,-84.99918202078605,79.19805978802373,busselton,287.171,100.0,92.0,4.46
145,1.6133028576659285,-156.44241696612465,hilo,300.02,65.0,90.0,4.1
146,39.855375726925985,81.32099474025591,aksu,285.15,81.0,0.0,5.0
147,-89.65864680182482,-90.1892501968436,ushuaia,274.15,64.0,0.0,2.6
148,-66.00276614412694,129.7340137737445,new norfolk,283.15,81.0,90.0,3.6
149,76.52183600637235,-39.637117352811316,tasiilaq,280.621,95.0,12.0,0.86
150,78.08608596163629,95.1397303636029,khatanga,287.621,81.0,44.0,6.81
151,-69.2750855752681,-75.74182414232601,ushuaia,274.15,64.0,0.0,2.6
152,-23.45810463100119,-98.89854564348968,puerto ayora,296.15,69.0,40.0,8.7
153,77.26773571318805,119.90500309656016,saskylakh,287.171,71.0,0.0,6.11
154,11.163930069372213,-147.6428441887805,hilo,300.02,65.0,90.0,4.1
155,-55.757949020463265,14.636279434024317,hermanus,282.921,85.0,24.0,4.06
156,64.1418911439817,103.97527407377714,tura,296.471,99.0,92.0,1.76
158,-65.51114139171783,-40.42593579789363,ushuaia,274.15,64.0,0.0,2.6
159,-50.25267345353188,34.61525624653822,port alfred,284.721,100.0,0.0,2.81
160,-49.89732848596845,-99.52821121234341,castro,282.021,99.0,92.0,1.66
161,17.125940783351382,39.98118188788325,ginda,288.971,100.0,100.0,0.71
162,43.387273869509755,-134.61389814018744,port hardy,291.15,72.0,75.0,4.6
163,-30.556215076057725,171.11856022020856,ahipara,286.571,98.0,32.0,3.56
164,-58.75207741611894,-29.737103097499613,chuy,281.921,90.0,0.0,2.06
165,-66.21828922270336,-47.915697543388006,ushuaia,274.15,64.0,0.0,2.6
166,-42.703294353536705,118.33718359928275,albany,298.84,62.0,20.0,2.1
167,-31.990752538304214,71.7406518669643,bambous virieux,293.15,60.0,20.0,4.1
168,47.2380455574054,-146.82902737387252,kodiak,306.15,43.0,1.0,6.2
170,-82.06002024929158,75.32488870786321,busselton,287.171,100.0,92.0,4.46
171,49.1587068558662,-79.83756383456372,la sarre,298.471,60.0,12.0,4.11
172,84.67633554634986,109.032067488226,saskylakh,287.171,71.0,0.0,6.11
173,-63.41962217765756,-159.24391442510563,mataura,281.271,88.0,20.0,2.01
174,41.9585801660175,-92.39505974447643,grinnell,299.0,88.0,40.0,4.1
175,17.3206899123778,-87.1133369946678,san pedro,283.821,75.0,20.0,4.36
177,54.722280232699745,-114.90839575997765,slave lake,296.15,69.0,1.0,2.1
178,-77.56796020689185,126.57043212124398,new norfolk,283.15,81.0,90.0,3.6
179,16.538406319575017,-70.82008750961417,barahona,301.171,98.0,12.0,7.86
181,-84.61200657280787,0.9895857344097863,hermanus,282.921,85.0,24.0,4.06
182,80.62581080568515,-145.5026836221882,barrow,284.371,48.0,8.0,5.46
184,-66.58112360978592,-118.82279801320352,rikitea,296.421,100.0,20.0,7.26
185,-41.142803034912674,78.71826598232735,mahebourg,293.15,60.0,20.0,4.1
186,-63.789163040070434,160.9384656226975,bluff,293.021,78.0,80.0,3.56
187,16.964290141517594,175.41369473360123,butaritari,302.571,100.0,48.0,1.61
188,-42.65634060020909,175.95381066366616,waipawa,284.971,96.0,48.0,1.51
189,26.20279219599739,68.02421188095698,sann,300.321,77.0,24.0,8.61
190,-61.44776700890465,-116.40044701010478,rikitea,296.421,100.0,20.0,7.26
191,-1.954426219349969,135.0701702622407,biak,298.821,89.0,44.0,3.06
192,-73.29509330298825,-120.26222470207512,rikitea,296.421,100.0,20.0,7.26
194,47.235060846533486,-47.57767671864838,torbay,285.15,100.0,90.0,6.2
197,-59.27754818974175,26.99062403134741,kruisfontein,283.821,94.0,0.0,3.56
198,50.34250168221939,-81.5172800111616,moose factory,293.15,82.0,90.0,5.1
199,-33.199827126845264,84.51367672787791,bambous virieux,293.15,60.0,20.0,4.1
200,76.71085081685345,40.84836217731919,ostrovnoy,281.821,95.0,20.0,3.06
201,-27.284928976073573,162.57292395721623,noumea,296.15,46.0,75.0,5.7
202,-57.139815996318845,103.647264346231,busselton,287.171,100.0,92.0,4.46
203,-14.265883484936637,-153.34359148983677,faanui,299.971,100.0,0.0,6.51
204,-27.348830102305477,-39.43320862546756,arraial do cabo,293.871,99.0,56.0,3.46
205,89.92684758851564,34.78145857707591,vardo,301.0,100.0,5.0,1.06
206,-16.346242936043595,-138.33165306939333,atuona,299.671,99.0,0.0,8.71
208,14.963518816390092,77.33333759552647,uravakonda,297.571,74.0,88.0,7.71
210,-56.37287701912972,-98.22070199528231,punta arenas,274.15,80.0,90.0,5.7
211,-10.827684183827074,171.3947384880732,sola,288.15,100.0,90.0,1.5
212,11.5029163162922,-32.176084826632916,sao filipe,298.571,98.0,92.0,2.56
213,11.481559099950047,-55.52181642334571,oistins,300.15,83.0,20.0,6.7
215,40.06214140754602,-163.9597090539396,kapaa,301.9,83.0,90.0,8.7
216,-66.4588945422189,-17.35104957362182,cape town,285.15,87.0,20.0,5.7
217,-77.63832074572333,-35.762135660827965,ushuaia,274.15,64.0,0.0,2.6
219,-83.56594129822615,-51.57618425212024,ushuaia,274.15,64.0,0.0,2.6
220,-53.90584105381614,96.72157549225778,busselton,287.171,100.0,92.0,4.46
221,-9.565453237750688,-93.86962365576404,puerto ayora,296.15,69.0,40.0,8.7
222,41.45243499672017,10.101311492382564,la maddalena,296.83,78.0,0.0,1.0
223,56.87587031467177,137.6553363296614,ayan,283.671,84.0,0.0,1.16
224,-11.902847143109653,161.03979224976,kirakira,300.271,100.0,36.0,7.06
226,22.56021425157566,60.49425363327765,sur,303.721,79.0,0.0,3.01
227,-62.986051058161884,-148.63215900495973,mataura,281.271,88.0,20.0,2.01
229,-51.394998614677654,112.09669812092596,albany,298.84,62.0,20.0,2.1
230,50.166122642256795,-60.09170149921641,saint-augustin,295.3,61.0,0.0,1.5
232,45.48651196994817,137.13013912900203,terney,292.321,81.0,0.0,1.16
233,87.70425862434112,-134.83172271676293,tuktoyaktuk,281.15,93.0,90.0,4.1
234,19.299339547702985,37.75392073469533,sawakin,300.221,91.0,0.0,1.66
235,21.950324895517028,122.17033045438222,taitung,304.15,58.0,20.0,1.5
236,89.66853896629661,-138.22441609725107,tuktoyaktuk,281.15,93.0,90.0,4.1
237,-82.96551528654666,136.0647659741241,hobart,283.15,81.0,90.0,3.6
238,-41.64623925676089,29.846431428620804,port alfred,284.721,100.0,0.0,2.81
239,-21.07323832255628,169.13310914319806,tadine,294.471,95.0,0.0,5.66
240,-3.6382051681016634,-102.69677795721154,puerto ayora,296.15,69.0,40.0,8.7
241,-45.18760848502301,-69.26327850217879,comodoro rivadavia,285.15,58.0,0.0,3.6
243,-6.867213812912681,40.296753112179545,sokoni,287.171,50.0,0.0,2.96
244,70.3189934958383,127.09386381450344,tiksi,284.671,75.0,0.0,4.06
245,-46.08251279738407,18.21037844569949,bredasdorp,283.15,76.0,0.0,4.1
246,-80.41937712018795,-27.102061540509055,ushuaia,274.15,64.0,0.0,2.6
247,-45.68776866248059,-158.46665976810513,mataura,281.271,88.0,20.0,2.01
248,14.461610253760497,146.5667496340384,airai,294.621,74.0,0.0,0.76
249,-21.057533244133054,-22.998543361848306,georgetown,299.15,88.0,0.0,2.1
250,14.832469043992205,-172.94933299217703,kapaa,301.9,83.0,90.0,8.7
251,62.907124117037625,-1.410479789853838,brae,286.15,87.0,92.0,3.6
252,-57.15236572717462,3.0344897320375424,cape town,285.15,87.0,20.0,5.7
253,-58.6358256648344,-161.24830461320502,mataura,281.271,88.0,20.0,2.01
254,23.313610499732633,56.5954217932898,nizwa,297.321,38.0,0.0,1.16
255,-83.44339765371024,127.4508558767435,new norfolk,283.15,81.0,90.0,3.6
256,40.68716539165902,-93.63282080149547,indianola,299.15,74.0,1.0,2.6
257,43.35148998037542,-44.324506095241816,torbay,285.15,100.0,90.0,6.2
258,59.95567978910606,153.60874810038035,talaya,280.371,87.0,0.0,1.21
259,-65.99931849533327,-42.06396490480512,ushuaia,274.15,64.0,0.0,2.6
260,-51.19833841490292,-154.60541820184596,mataura,281.271,88.0,20.0,2.01
261,65.36061900241776,-3.9503173926549664,klaksvik,284.15,100.0,92.0,3.1
262,73.97569544777733,126.8568398633447,tiksi,284.671,75.0,0.0,4.06
263,85.18994899342223,-54.17269700823691,upernavik,280.221,81.0,24.0,1.81
264,41.01670323718656,108.6403545413076,dongsheng,302.471,86.0,0.0,3.31
265,26.403728832647587,27.932056814790513,abnub,297.021,50.0,0.0,1.21
266,18.40521485175894,-45.69735889960745,bathsheba,300.15,83.0,20.0,6.7
268,-61.65854052109898,84.44782355564371,busselton,287.171,100.0,92.0,4.46
269,-64.999544583692,138.78199631892528,new norfolk,283.15,81.0,90.0,3.6
270,-34.35102178272045,-85.84860154155766,lebu,286.15,87.0,75.0,2.1
271,35.96324551005438,-4.578783865497712,fuengirola,298.15,50.0,0.0,3.1
272,40.21060646511623,47.58568528746008,ucar,295.321,87.0,80.0,1.91
273,-20.289789437755815,34.94153063927297,beira,297.23,83.0,0.0,0.96
275,-41.07732660080006,-111.52038545711711,rikitea,296.421,100.0,20.0,7.26
276,48.156098606855664,137.77948686341102,mukhen,295.821,73.0,0.0,1.46
277,-53.421854370513785,31.969823330537622,port alfred,284.721,100.0,0.0,2.81
278,69.04053972349334,-133.77490924417256,inuvik,285.15,76.0,75.0,2.1
279,-75.39577208769713,-55.06559528687961,ushuaia,274.15,64.0,0.0,2.6
280,-29.77113668158846,128.00248733098033,yulara,279.571,50.0,0.0,3.31
281,-13.160221755077004,11.910423323623519,benguela,291.771,100.0,0.0,0.61
282,32.090736142331664,-105.29645023694597,praxedis guerrero,310.15,14.0,1.0,6.2
283,31.26772178772721,124.4384812793457,shenjiamen,302.321,91.0,32.0,5.41
284,64.68169645362943,152.16239880326208,zyryanka,285.521,63.0,20.0,1.51
285,-24.21117435462631,36.1247989451723,inhambane,293.971,97.0,0.0,5.71
288,-71.5923913882943,-74.59069870643704,ushuaia,274.15,64.0,0.0,2.6
289,-59.53178046921413,-133.49826289798335,rikitea,296.421,100.0,20.0,7.26
290,23.21808470937495,51.56840318654912,abu samrah,294.171,88.0,0.0,4.36
291,84.2064132586301,-122.279617475968,tuktoyaktuk,281.15,93.0,90.0,4.1
292,-82.349210098145,-130.84100673069048,rikitea,296.421,100.0,20.0,7.26
294,-73.31643391716233,11.978461308858357,hermanus,282.921,85.0,24.0,4.06
295,89.60072014228575,120.2628229194201,saskylakh,287.171,71.0,0.0,6.11
296,-35.11510518337456,142.6736486456257,swan hill,282.571,90.0,92.0,7.26
297,-61.35442761063847,106.87235776443356,albany,298.84,62.0,20.0,2.1
298,10.897789232107499,-70.36725311989184,carora,298.721,56.0,92.0,5.46
299,19.9000593877104,-177.59174174107903,kapaa,301.9,83.0,90.0,8.7
300,-67.19347029964881,116.7783586605899,albany,298.84,62.0,20.0,2.1
301,16.368788513139933,175.35778310708764,butaritari,302.571,100.0,48.0,1.61
302,3.2638233523491067,158.2457131677587,namatanai,299.171,100.0,88.0,2.01
305,-77.8658169107621,-63.745187528323925,ushuaia,274.15,64.0,0.0,2.6
306,73.14453898918777,-47.870610348551594,ilulissat,282.15,61.0,40.0,0.5
307,40.36733164811562,167.8981979001058,nikolskoye,290.15,93.0,0.0,4.0
309,-73.23735170570211,99.40070301868172,albany,298.84,62.0,20.0,2.1
310,-80.01497034411325,-83.59069940035144,ushuaia,274.15,64.0,0.0,2.6
311,49.829093749070694,115.65099417442957,nizhniy tsasuchey,292.321,85.0,0.0,4.01
313,25.94509369949148,38.81407763346405,umm lajj,298.571,100.0,0.0,2.51
314,-40.40855727494746,-97.50817977218408,ancud,282.821,97.0,100.0,2.51
315,76.87581454203308,-169.28829479135266,lavrentiya,281.271,91.0,48.0,4.46
316,53.95773147299158,-101.42369940050213,the pas,292.15,48.0,1.0,2.1
318,-1.0706740705111457,74.62960302682646,hithadhoo,298.771,100.0,20.0,3.41
319,46.19252622771211,-130.17916508878557,port hardy,291.15,72.0,75.0,4.6
320,-38.91637341409102,-35.46516754212027,laguna,306.15,52.0,75.0,6.2
321,49.130254979183576,11.93575565374178,burglengenfeld,290.42,82.0,1.0,1.5
322,-1.5252185361330248,23.906902587243763,lodja,294.871,87.0,0.0,1.21
323,38.806287251088605,32.70257306998627,kulu,293.721,98.0,8.0,0.96
324,20.78043654010513,-156.9475634039506,lahaina,302.74,69.0,90.0,2.6
325,-69.34414378250285,-143.0291356560404,mataura,281.271,88.0,20.0,2.01
326,-63.85797472978858,-47.78916945884737,ushuaia,274.15,64.0,0.0,2.6
327,38.74418182520387,126.9439560197128,seoul,302.01,74.0,75.0,2.1
328,-54.596560563782006,35.09151680932919,port alfred,284.721,100.0,0.0,2.81
329,-46.34261329083436,-11.599695847319822,jamestown,279.671,95.0,88.0,8.16
330,33.989093370021436,-38.09647484014624,ribeira grande,295.671,100.0,0.0,4.91
331,-85.00176078433665,146.25986341073894,hobart,283.15,81.0,90.0,3.6
332,63.088402155133934,54.144903708804975,sosnogorsk,285.821,76.0,36.0,2.76
333,-12.962962530347937,-154.11289169874817,faanui,299.971,100.0,0.0,6.51
334,61.724327887334965,-33.590302995045334,tasiilaq,280.621,95.0,12.0,0.86
335,-46.81439147448236,106.49691213733894,busselton,287.171,100.0,92.0,4.46
336,56.60789900968351,-20.512680961844154,vestmannaeyjar,284.471,84.0,92.0,8.06
337,-23.71556718574068,-10.765797057460361,jamestown,279.671,95.0,88.0,8.16
338,49.09171272693686,-122.74833324132972,white rock,298.43,56.0,1.0,1.5
339,-55.0585252286654,16.082879399542833,hermanus,282.921,85.0,24.0,4.06
340,-57.851731082800654,94.54419301903522,busselton,287.171,100.0,92.0,4.46
341,86.48948822081752,115.49665322313916,saskylakh,287.171,71.0,0.0,6.11
342,6.43254326355418,-150.6523795875838,hilo,300.02,65.0,90.0,4.1
343,12.575361041278228,-138.60574979514925,hilo,300.02,65.0,90.0,4.1
344,31.840492706022474,-109.82319704245393,naco,305.06,17.0,1.0,2.1
345,51.574459416716195,84.50553555094763,soloneshnoye,281.371,83.0,12.0,0.91
346,41.27672403202996,-85.25248159648436,kendallville,301.31,69.0,1.0,3.51
347,-6.150358722889578,-145.01409940442312,atuona,299.671,99.0,0.0,8.71
348,21.376814940087527,-6.471341130389391,taoudenni,305.721,30.0,44.0,1.21
349,54.56801773690319,-14.16908175536085,dingle,297.871,99.0,92.0,5.01
350,-52.56664046759828,-86.53092948650725,punta arenas,274.15,80.0,90.0,5.7
351,-7.083867663869171,-38.60507162546486,sao jose de piranhas,301.971,30.0,80.0,2.86
353,-62.003645457640076,15.967848219192575,bredasdorp,283.15,76.0,0.0,4.1
354,-27.031208681592616,137.01028460023514,alice springs,283.15,39.0,0.0,3.6
355,0.8838581676975394,124.92428210979273,tondano,303.15,48.0,40.0,5.7
356,-14.259841782515963,160.6386479445991,kirakira,300.271,100.0,36.0,7.06
357,-6.341790760475689,-104.05698106582305,puerto ayora,296.15,69.0,40.0,8.7
358,-83.61765399268893,-174.55006058536722,vaini,293.971,98.0,92.0,4.36
359,-20.63830821661122,105.63262057549821,carnarvon,268.221,73.0,0.0,1.21
360,-67.40319433090447,128.13019087768583,new norfolk,283.15,81.0,90.0,3.6
361,-44.02837629670246,102.13541518542667,busselton,287.171,100.0,92.0,4.46
362,63.091840418649326,-118.67813524712781,hay river,291.15,82.0,90.0,2.1
363,40.73017361206482,59.59176877230587,dasoguz,299.99,32.0,0.0,3.1
364,-36.50179155246839,-27.500463341121332,arraial do cabo,293.871,99.0,56.0,3.46
365,-33.01263104106137,153.8361517776296,nelson bay,287.15,82.0,75.0,7.7
366,12.158149031409309,104.98356962241547,kampong chhnang,296.621,97.0,92.0,1.61
367,-88.16484893580677,-76.72105491707606,ushuaia,274.15,64.0,0.0,2.6
368,60.734768652388084,14.53087631007358,ludvika,285.15,87.0,32.0,2.1
369,-29.841169993337537,61.54122348356552,souillac,297.64,47.0,0.0,3.6
370,24.653412206057922,-68.95775057690027,cockburn town,301.821,95.0,0.0,7.41
371,-24.133168567189998,-108.35969001208996,rikitea,296.421,100.0,20.0,7.26
372,66.35034110688227,148.708434048004,zyryanka,285.521,63.0,20.0,1.51
373,-74.39522487199747,133.692650695115,new norfolk,283.15,81.0,90.0,3.6
374,36.44376292010837,20.254261549598283,lithakia,293.15,77.0,0.0,2.61
375,-72.17507325721513,118.7379732377629,albany,298.84,62.0,20.0,2.1
376,-43.035437302369616,19.21795824397077,bredasdorp,283.15,76.0,0.0,4.1
377,-87.26689006689504,32.72368558447238,port elizabeth,301.68,74.0,1.0,1.86
378,55.99524292894432,127.22262624985854,zeya,287.821,58.0,0.0,2.21
379,-42.44157373999038,-173.66408734896132,vaini,293.971,98.0,92.0,4.36
380,71.31442277962634,28.42679503141764,mehamn,281.221,100.0,68.0,5.76
381,22.328332623335967,25.34752399924409,marawi,295.371,97.0,76.0,1.91
382,86.03628993716214,-47.08809256397936,upernavik,280.221,81.0,24.0,1.81
383,15.93707280995963,154.9766866488365,kavieng,297.721,100.0,92.0,2.71
384,-55.361231370819155,30.22819104261572,port elizabeth,301.68,74.0,1.0,1.86
385,25.24540939493457,109.2707299133113,luorong,298.271,93.0,80.0,1.11
386,70.55763333245753,-154.20640268266484,barrow,284.371,48.0,8.0,5.46
387,-71.81802925407771,119.40473727294972,albany,298.84,62.0,20.0,2.1
389,61.65177152707736,-158.21231204558345,bethel,287.15,93.0,90.0,9.8
391,-12.786996961246373,-115.68619859847419,rikitea,296.421,100.0,20.0,7.26
392,-76.38262400983386,-88.99695622193785,punta arenas,274.15,80.0,90.0,5.7
393,35.86853793151056,142.32249537091047,hasaki,299.55,88.0,75.0,4.6
394,-0.3917832109208774,34.188821959299446,homa bay,293.071,86.0,0.0,4.51
395,-84.58966875175737,-160.402712691452,mataura,281.271,88.0,20.0,2.01
396,41.12855312467602,-155.32660523795624,kodiak,306.15,43.0,1.0,6.2
397,-7.01301225015969,89.13109292677854,padang,297.171,100.0,92.0,2.41
398,28.855179730158397,-167.02434383933314,kapaa,301.9,83.0,90.0,8.7
399,-77.72431138569524,150.33860143886005,hobart,283.15,81.0,90.0,3.6
400,76.94478357628344,-92.70334949776932,thompson,290.15,45.0,40.0,1.51
401,-56.77777098316191,-160.16834006932766,mataura,281.271,88.0,20.0,2.01
402,15.165161029130061,-44.22353812583688,cayenne,297.15,100.0,0.0,1.0
403,-4.8825489859882225,-129.3190650489079,atuona,299.671,99.0,0.0,8.71
404,72.75876952095263,76.56575255642457,dikson,277.571,100.0,88.0,7.01
405,7.577654849985933,112.997487333761,labuan,298.15,94.0,75.0,0.5
406,-82.27497693905192,111.10416967005125,albany,298.84,62.0,20.0,2.1
407,29.744044476944396,98.25987474267151,tezu,293.471,83.0,20.0,0.81
408,-5.07855478313796,-27.60381566193098,cabedelo,295.15,94.0,20.0,2.1
409,-70.08115070158493,112.03324643827915,albany,298.84,62.0,20.0,2.1
410,30.119152442147083,-82.28919819729921,lake city,300.01,17.0,40.0,2.1
411,0.5465571169196011,146.662919317886,lorengau,298.971,100.0,88.0,2.21
412,-81.31976742022002,-174.45482809125377,vaini,293.971,98.0,92.0,4.36
413,41.02940991147372,-77.66041955709376,lock haven,301.13,66.0,1.0,1.06
414,17.540859267341403,-170.52346208894764,kapaa,301.9,83.0,90.0,8.7
416,20.20355822233192,117.92547332077936,davila,301.15,88.0,20.0,2.1
417,-0.475674476045171,27.629250427682337,butembo,288.471,94.0,56.0,0.41
418,53.690575467387305,168.60725262366122,nikolskoye,290.15,93.0,0.0,4.0
419,-84.82435245861957,-71.56716486606426,ushuaia,274.15,64.0,0.0,2.6
420,-25.52940355931011,-48.79729140158656,antonina,285.89,100.0,75.0,2.6
421,79.39249626219603,131.99161377714967,tiksi,284.671,75.0,0.0,4.06
422,-76.0398662328295,-143.67877270303055,mataura,281.271,88.0,20.0,2.01
423,-69.99086816503427,92.13790472576773,busselton,287.171,100.0,92.0,4.46
424,69.5175690077636,102.4731711989827,khatanga,287.621,81.0,44.0,6.81
425,-23.250034974941286,-91.49451634112681,pisco,290.371,86.0,0.0,1.76
426,14.399958877447105,140.48836271486266,airai,294.621,74.0,0.0,0.76
427,-12.573391818064394,-121.12601953731169,rikitea,296.421,100.0,20.0,7.26
428,-15.655844885340315,149.01446415859027,cairns,300.15,57.0,75.0,3.1
429,20.97945869761496,-126.8806117572712,san quintin,301.15,88.0,20.0,2.1
430,8.041318165765887,-91.80928116096793,acajutla,300.871,76.0,48.0,1.21
431,88.79592220627771,106.7994529454117,khatanga,287.621,81.0,44.0,6.81
432,35.339739121580195,100.57269646118698,xining,287.021,87.0,56.0,0.31
433,-54.968081804790614,73.80779586983024,souillac,297.64,47.0,0.0,3.6
434,-64.92980279840458,72.2575244011939,saint-philippe,299.87,65.0,1.0,3.1
435,-31.552808813288713,-101.22045123332555,lebu,286.15,87.0,75.0,2.1
436,64.89283921772557,2.1302349862170047,raudeberg,286.15,71.0,92.0,3.1
437,-3.6446107983834963,128.87714678337005,amahai,298.621,100.0,92.0,4.21
438,-38.173132030695335,112.13957051990019,busselton,287.171,100.0,92.0,4.46
439,-13.995355772945103,41.12776786857873,nacala,295.921,100.0,0.0,0.91
440,-15.482677008339834,-166.12802736871205,alofi,295.15,78.0,100.0,3.1
441,5.754030276989141,145.28913163768232,lorengau,298.971,100.0,88.0,2.21
442,46.83880535000387,49.72105874720282,marfino,289.15,93.0,0.0,3.0
443,-53.64347947783876,-153.3220247612878,mataura,281.271,88.0,20.0,2.01
445,-56.28966414201314,102.40041881540367,busselton,287.171,100.0,92.0,4.46
446,-23.54220350210774,-166.3819243853537,alofi,295.15,78.0,100.0,3.1
447,-37.21865768298459,-0.9738138821577422,luderitz,284.221,93.0,0.0,6.01
448,-14.098706510009976,22.281842513976557,kalabo,285.521,52.0,0.0,1.26
449,-28.695170200559183,-28.841925658482666,sao joao da barra,296.221,99.0,8.0,4.21
450,10.793794612062399,77.39024801293817,periyapatti,294.971,88.0,12.0,3.71
451,-17.910963114061644,-104.25657294584795,puerto ayora,296.15,69.0,40.0,8.7
452,-89.5799862817423,-55.794913377713755,ushuaia,274.15,64.0,0.0,2.6
453,-54.31009757083164,93.65229951031552,busselton,287.171,100.0,92.0,4.46
454,-74.06559406857232,166.1861587899097,bluff,293.021,78.0,80.0,3.56
455,34.91196984806881,-141.83829799921878,fortuna,301.64,42.0,20.0,2.6
456,-47.809098395884455,-50.399387920989966,mar del plata,282.471,81.0,48.0,1.51
457,82.33544921783835,100.39452558015705,khatanga,287.621,81.0,44.0,6.81
458,44.04132965283847,175.54602726028645,nikolskoye,290.15,93.0,0.0,4.0
459,69.82334266218027,176.60922572979513,leningradskiy,275.671,98.0,76.0,3.31
460,-58.3877790271288,-136.86565024557888,rikitea,296.421,100.0,20.0,7.26
461,-56.94069816141546,-31.947768345090566,chuy,281.921,90.0,0.0,2.06
462,30.584694407145932,28.534616038731798,marsa matruh,294.571,91.0,0.0,2.36
463,-21.868197826596926,-135.52826086591733,rikitea,296.421,100.0,20.0,7.26
465,1.7068019088588215,-151.04913349283538,atuona,299.671,99.0,0.0,8.71
466,-29.335061282556445,-99.7101095205182,lebu,286.15,87.0,75.0,2.1
467,70.41866758796724,40.051170369603426,ostrovnoy,281.821,95.0,20.0,3.06
469,-35.18427791367965,119.33486546867198,albany,298.84,62.0,20.0,2.1
470,-54.927532894212646,88.65887727314004,busselton,287.171,100.0,92.0,4.46
471,46.36533774962163,106.99468477836496,mandalgovi,286.721,100.0,76.0,2.06
472,-52.254505835938616,-164.13649775613385,avarua,298.15,65.0,20.0,3.6
473,-26.966562335180043,179.7813053134305,russell,286.15,50.0,0.0,2.1
475,-1.0343611821695902,90.05102078824638,meulaboh,297.371,100.0,12.0,1.21
476,50.35274406341827,-140.57431001437948,sitka,309.221,29.0,12.0,7.36
477,47.64541430686572,179.09293750254335,nikolskoye,290.15,93.0,0.0,4.0
478,-80.02297530572966,-48.36273595405501,ushuaia,274.15,64.0,0.0,2.6
479,67.09351130257326,-151.27160924334845,college,288.84,93.0,90.0,3.6
480,-15.163119273351825,159.1458759745546,kirakira,300.271,100.0,36.0,7.06
481,-18.306773234031283,165.0124718337691,ouegoa,295.671,59.0,0.0,3.16
483,41.273787173892686,111.6019937275783,hohhot,295.15,88.0,40.0,2.0
484,87.49427188312845,30.953472249056233,berlevag,281.271,100.0,92.0,5.56
485,-40.110075978617814,127.5960748700843,esperance,300.15,78.0,20.0,3.1
486,-13.198390959227538,146.44833798486616,cairns,300.15,57.0,75.0,3.1
487,13.04607470774522,-109.92890840293728,san patricio,282.121,78.0,20.0,1.31
488,-13.529471146252916,154.3390443803425,samarai,298.871,99.0,56.0,6.56
489,-12.550003634840294,-16.285907667627583,georgetown,299.15,88.0,0.0,2.1
490,-88.29032000436173,-13.353775883257299,hermanus,282.921,85.0,24.0,4.06
491,-29.854946306703056,128.28859624332017,yulara,279.571,50.0,0.0,3.31
492,76.24790674718042,70.69082147138508,yar-sale,281.771,100.0,44.0,2.31
493,6.800922652980347,113.96926558505953,labuan,298.15,94.0,75.0,0.5
494,-70.74153873238348,-118.57806987135915,rikitea,296.421,100.0,20.0,7.26
495,-17.567453763607602,-23.76587894223769,georgetown,299.15,88.0,0.0,2.1
496,-37.07580808677695,39.10155823424205,margate,283.15,81.0,90.0,3.6
497,44.72370516882589,112.91480167826683,erenhot,293.021,96.0,68.0,5.61
498,87.92740634423913,149.47815524065453,chokurdakh,276.871,88.0,64.0,5.36
499,1.697809512280628,155.17172108388326,namatanai,299.171,100.0,88.0,2.01
500,9.08898936280562,140.7491885814992,airai,294.621,74.0,0.0,0.76
501,-80.70318859227648,94.17280484218219,albany,298.84,62.0,20.0,2.1
502,-65.13658000861975,30.601275771592384,port elizabeth,301.68,74.0,1.0,1.86
503,33.97278180069098,-46.743939834948605,torbay,285.15,100.0,90.0,6.2
504,-79.6681426985872,149.440131281106,hobart,283.15,81.0,90.0,3.6
505,27.121299290120618,27.223197291505414,matay,298.821,50.0,0.0,4.01
506,-39.11211700855828,148.39441036330908,lakes entrance,286.621,64.0,0.0,5.56
507,-44.292130063351905,129.05426637263707,port lincoln,283.971,100.0,44.0,11.26
508,-4.722618701472641,131.29798241377364,tual,299.121,100.0,44.0,4.46
509,-83.09740883147794,49.129883986076294,port alfred,284.721,100.0,0.0,2.81
510,37.00884189312495,-118.73684189679855,orange cove,309.39,13.0,1.0,5.7
511,-19.856746207901608,145.25615538198224,charters towers,294.021,95.0,8.0,2.21
512,-88.55821567530776,-147.97861964584465,mataura,281.271,88.0,20.0,2.01
513,13.46204118505743,155.74997780660271,kavieng,297.721,100.0,92.0,2.71
514,-46.32704468637078,-175.92388038246474,vaini,293.971,98.0,92.0,4.36
515,-47.94971768618871,-164.68538105869442,avarua,298.15,65.0,20.0,3.6
516,-78.93252254280569,21.122742987343145,bredasdorp,283.15,76.0,0.0,4.1
517,-31.912625849222152,178.9065707127637,ngunguru,287.071,100.0,12.0,2.31
518,74.54365609801752,-121.89389380256107,norman wells,295.15,53.0,90.0,4.1
519,61.61237771698694,-63.2090606066305,pangnirtung,279.271,91.0,92.0,10.51
520,-20.94845775825479,41.443924812144985,morondava,289.771,100.0,0.0,1.31
522,-30.823074088066228,-92.51878175954113,lebu,286.15,87.0,75.0,2.1
524,40.646133707897775,139.27567690195042,noshiro,294.43,82.0,75.0,4.1
526,-58.239648755941474,27.069848841362386,kruisfontein,283.821,94.0,0.0,3.56
527,-27.703581137258567,74.35317712785007,bambous virieux,293.15,60.0,20.0,4.1
528,53.65598477129029,136.8520127119367,imeni poliny osipenko,296.821,70.0,0.0,1.86
530,-14.857493131397632,36.446702855151756,cuamba,287.371,87.0,0.0,1.21
531,-45.6568815275683,-114.13314736832221,rikitea,296.421,100.0,20.0,7.26
532,4.113104226690012,101.67945216751457,raub,294.471,93.0,20.0,1.06
533,66.91815319322828,59.53145270183572,inta,279.071,88.0,80.0,1.66
534,-44.31364852823022,61.76376080319139,saint-philippe,299.87,65.0,1.0,3.1
535,-49.45619687419994,-10.09256849940212,cape town,285.15,87.0,20.0,5.7
536,-10.18363349351307,-76.1807541339225,ambo,284.871,96.0,92.0,1.16
537,-61.69676990244582,-123.49852291708726,rikitea,296.421,100.0,20.0,7.26
538,-19.351792854131986,-95.18251149590549,puerto ayora,296.15,69.0,40.0,8.7
539,-8.376537548897176,-21.206799574104565,georgetown,299.15,88.0,0.0,2.1
540,38.0900928063306,-126.66763751712881,fortuna,301.64,42.0,20.0,2.6
541,74.312027431757,-45.51472124336553,ilulissat,282.15,61.0,40.0,0.5
542,-29.909901614517345,-139.25654876289485,rikitea,296.421,100.0,20.0,7.26
544,12.558346120134004,12.341069859641465,maine-soroa,294.971,94.0,92.0,3.96
545,-42.78382119884393,32.77013324616209,port alfred,284.721,100.0,0.0,2.81
546,-0.7745507281768909,73.83484166373088,hithadhoo,298.771,100.0,20.0,3.41
547,39.985039142121394,15.645307784813127,lauria,289.871,100.0,0.0,0.96
548,-59.44692759387341,-31.452192108287136,mar del plata,282.471,81.0,48.0,1.51
549,-49.086449781445495,-148.59032579435748,mataura,281.271,88.0,20.0,2.01
550,-40.04022997021211,-114.57279389938066,rikitea,296.421,100.0,20.0,7.26
552,-82.30302734647955,-31.76529058190377,ushuaia,274.15,64.0,0.0,2.6
554,72.37994259625177,152.09691778586682,chokurdakh,276.871,88.0,64.0,5.36
555,34.97659187582312,106.78904680966156,pingliang,293.871,82.0,0.0,2.11
556,-10.658687148941468,47.33839875118133,dzaoudzi,295.15,88.0,0.0,1.5
557,-84.46655073745357,-134.5702398163799,rikitea,296.421,100.0,20.0,7.26
558,-23.910280642827658,115.04351149074557,carnarvon,268.221,73.0,0.0,1.21
559,62.904386097677246,-4.665643771057802,klaksvik,284.15,100.0,92.0,3.1
560,-53.57022637349362,128.52349238003296,mount gambier,281.371,100.0,76.0,3.11
561,40.05936184613847,-143.96181098158905,sitka,309.221,29.0,12.0,7.36
562,-23.077099106726266,-94.07809184064678,pisco,290.371,86.0,0.0,1.76
564,-65.68910124924703,43.83630614089489,port alfred,284.721,100.0,0.0,2.81
565,-27.20573307423536,87.08122922493908,carnarvon,268.221,73.0,0.0,1.21
566,39.40208444972012,112.44536512887555,yuanping,296.271,81.0,12.0,1.01
567,-75.44157766092124,-145.79765732193982,mataura,281.271,88.0,20.0,2.01
568,-69.78967404875156,98.24157274775644,albany,298.84,62.0,20.0,2.1
569,-29.423620682727524,146.97745064280997,moree,288.421,94.0,92.0,8.41
570,41.25174876350917,-159.5920580988549,kodiak,306.15,43.0,1.0,6.2
571,-78.55170493947222,153.9840618783437,bluff,293.021,78.0,80.0,3.56
572,62.78069476549766,-144.91462740590367,fairbanks,288.85,93.0,90.0,3.6
573,62.23973453602429,-163.52567966469198,bethel,287.15,93.0,90.0,9.8
575,74.88032225106386,115.50932439262965,saskylakh,287.171,71.0,0.0,6.11
576,43.38790592452645,120.33865924308725,beipiao,295.071,86.0,0.0,1.66
577,62.33333695072048,-66.80447028217732,iqaluit,278.15,86.0,90.0,6.2
578,4.22874641521922,-138.57217899422068,atuona,299.671,99.0,0.0,8.71
579,67.8087945425753,85.5185126140733,igarka,281.671,97.0,56.0,5.66
580,49.27514986180634,-159.53646538571687,kodiak,306.15,43.0,1.0,6.2
581,68.63828223543211,1.6776281240731237,raudeberg,286.15,71.0,92.0,3.1
582,-69.20684033078784,103.46851126970262,albany,298.84,62.0,20.0,2.1
583,-85.92248662333519,-56.654280690820315,ushuaia,274.15,64.0,0.0,2.6
584,-59.766147450087054,100.31778059631233,busselton,287.171,100.0,92.0,4.46
585,-85.5521255540533,103.80388942126189,albany,298.84,62.0,20.0,2.1
587,-30.572515599993842,61.96097215706237,souillac,297.64,47.0,0.0,3.6
588,-1.5851916761134106,-129.84693856089348,atuona,299.671,99.0,0.0,8.71
589,26.108333727081785,-154.43463041508832,kahului,302.16,55.0,40.0,11.3
590,-50.7847311906562,63.749251348366926,saint-philippe,299.87,65.0,1.0,3.1
591,88.31888703859465,125.66668594212564,tiksi,284.671,75.0,0.0,4.06
592,48.604044593283504,78.91366664603584,ayagoz,290.721,62.0,0.0,4.06
593,-8.642967935931466,167.53951636553205,lata,288.971,100.0,100.0,0.71
594,-57.21136715331789,82.0585987809726,busselton,287.171,100.0,92.0,4.46
595,15.900480851050247,10.051272914223489,tanout,297.671,81.0,12.0,5.21
596,1.8829720480344037,33.97798770757862,katakwi,288.671,92.0,0.0,1.16
597,-84.2434510470923,-101.8717107825813,punta arenas,274.15,80.0,90.0,5.7
598,-4.657197854806327,-97.22206120082879,puerto ayora,296.15,69.0,40.0,8.7
599,-87.81379113053065,84.46863459742104,busselton,287.171,100.0,92.0,4.46
600,-64.22122213277368,109.63241110528412,albany,298.84,62.0,20.0,2.1
601,-51.30730892955583,125.76722314629603,esperance,300.15,78.0,20.0,3.1
603,39.83423290633232,-118.34029102210155,fallon,300.15,34.0,90.0,4.01
604,18.342551651907073,165.13125678001774,butaritari,302.571,100.0,48.0,1.61
605,27.276918037093438,43.64258140443414,buraydah,308.15,17.0,0.0,5.1
606,-17.664299412217815,11.718816817311307,opuwo,284.821,57.0,0.0,1.51
607,-21.696895092130703,-31.713677529051296,caravelas,298.171,96.0,0.0,7.81
608,-6.657328089959265,148.0548339587271,finschhafen,297.321,90.0,80.0,1.41
609,21.02354487070032,-48.487605246461214,bathsheba,300.15,83.0,20.0,6.7
610,12.310951859790961,57.19913124999829,salalah,298.15,94.0,90.0,2.6
611,3.9393492342753262,126.5456298030465,sarangani,301.971,97.0,64.0,4.56
612,-54.79226227007268,83.25862604310004,busselton,287.171,100.0,92.0,4.46
614,-48.11190453631652,102.87459298020303,busselton,287.171,100.0,92.0,4.46
615,-53.1790656575755,-116.81512195285467,rikitea,296.421,100.0,20.0,7.26
616,-55.40485443454287,-16.851091188352598,jamestown,279.671,95.0,88.0,8.16
617,-10.043440433698478,114.55797426331941,denpasar,296.15,88.0,75.0,2.6
618,25.774270522553238,6.126366342042957,gat,301.15,83.0,92.0,2.1
619,70.98135078521364,-90.06332229441553,thompson,290.15,45.0,40.0,1.51
620,-7.8603572080378825,-18.213488092067905,georgetown,299.15,88.0,0.0,2.1
621,51.12179471558193,35.77346623509456,belaya,292.321,75.0,0.0,2.91
622,0.5354293083568962,-96.49672077589771,puerto ayora,296.15,69.0,40.0,8.7
623,42.381812678587465,-51.03758313437464,torbay,285.15,100.0,90.0,6.2
624,-87.05963689281143,-68.5442919427003,ushuaia,274.15,64.0,0.0,2.6
625,-10.661952889446681,-94.7452887639551,puerto ayora,296.15,69.0,40.0,8.7
626,-40.01069446304022,-90.38695272895507,ancud,282.821,97.0,100.0,2.51
627,49.028363900126976,-109.20719249972565,havre,297.15,41.0,75.0,6.7
628,5.6197928801155825,134.0673746263338,kloulklubed,302.15,79.0,75.0,5.1
629,88.50367068598206,173.12164955936538,pevek,280.771,93.0,0.0,1.06
630,-8.98076067644999,-98.02509037278926,puerto ayora,296.15,69.0,40.0,8.7
631,-56.93522327963911,-58.07517116945418,ushuaia,274.15,64.0,0.0,2.6
632,-69.71617166334616,31.404192794755858,port elizabeth,301.68,74.0,1.0,1.86
633,-4.513860220769246,53.14831789419736,victoria,298.15,94.0,75.0,0.5
634,-58.7494358695627,109.26275391684067,albany,298.84,62.0,20.0,2.1
636,-40.626462172238064,-78.10569615465585,ancud,282.821,97.0,100.0,2.51
638,-23.74197517504045,-114.13291582715522,rikitea,296.421,100.0,20.0,7.26
640,46.2719651911481,-106.85226806022426,miles city,299.15,39.0,1.0,2.1
641,-72.80242693412495,80.04426507374785,busselton,287.171,100.0,92.0,4.46
642,-13.294885461386954,-37.42969234065518,camacari,299.15,78.0,40.0,4.6
643,-17.556911461826772,137.89986802470418,mount isa,290.15,21.0,40.0,8.7
644,73.87741235311361,-106.86312094937333,yellowknife,287.15,87.0,90.0,1.0
645,-8.342734521036334,34.633728642356516,malangali,286.821,79.0,0.0,4.81
646,-21.972231969509465,59.069603066356535,mahebourg,293.15,60.0,20.0,4.1
647,-84.14446611700937,-71.06448028161992,ushuaia,274.15,64.0,0.0,2.6
648,-2.6910199183671324,17.236349319123917,nioki,297.621,75.0,48.0,1.51
649,-66.72142524537882,-161.29130994863894,mataura,281.271,88.0,20.0,2.01
650,-73.94979443701195,-120.1041297725968,rikitea,296.421,100.0,20.0,7.26
651,33.96596432322487,117.46548345995444,xuzhou,303.371,87.0,0.0,1.96
652,20.985253233333495,137.70653595250593,naze,294.671,99.0,80.0,2.01
653,-44.638341506159655,-6.016143499508871,saldanha,294.621,70.0,0.0,0.56
654,54.51294763984038,114.11498290738217,bagdarin,285.171,98.0,92.0,2.16
655,-80.209035637088,117.2503603001282,albany,298.84,62.0,20.0,2.1
656,59.19667610834557,-171.51259860695072,provideniya,282.15,81.0,90.0,5.0
657,-64.89779111371247,33.025401475296064,port elizabeth,301.68,74.0,1.0,1.86
658,35.52976373254343,10.243929915640763,masakin,301.221,30.0,36.0,2.96
659,1.8066652678043909,-149.98910897363402,atuona,299.671,99.0,0.0,8.71
660,4.785565077064291,-65.80041251232659,puerto ayacucho,299.15,88.0,75.0,1.26
661,-78.17286148294386,96.76717037460867,albany,298.84,62.0,20.0,2.1
662,41.091119286343854,-121.10320535303043,susanville,301.15,15.0,1.0,5.1
663,55.86131519953227,55.53673146767778,burayevo,289.421,86.0,8.0,2.51
664,-64.290038826802,16.143099619834032,bredasdorp,283.15,76.0,0.0,4.1
665,16.624530062818238,-53.09722523941629,bathsheba,300.15,83.0,20.0,6.7
666,-64.53935612735606,173.45902112410312,kaitangata,281.471,81.0,44.0,1.51
667,87.25812011155423,157.02943481782415,chokurdakh,276.871,88.0,64.0,5.36
668,-55.67610463344243,10.041312013665902,hermanus,282.921,85.0,24.0,4.06
669,-15.821566958581528,-118.33258305785554,rikitea,296.421,100.0,20.0,7.26
670,-44.19767056342684,85.4562658060708,busselton,287.171,100.0,92.0,4.46
671,33.36015020309196,-168.6590673750482,kapaa,301.9,83.0,90.0,8.7
672,-14.89978045644257,55.489023138240526,antalaha,294.121,96.0,64.0,3.46
673,14.513373479934558,101.40866435395725,pak chong,296.871,93.0,88.0,3.86
674,8.319956943750029,-23.05660822810509,praia,292.68,82.0,0.0,2.1
675,10.125372792356032,-45.15459410757833,cayenne,297.15,100.0,0.0,1.0
676,-56.90145156745094,38.154375919979174,port alfred,284.721,100.0,0.0,2.81
677,53.97805581578842,3.5867607559641215,den helder,291.5,77.0,0.0,2.6
678,46.55522548545045,-132.0300124281073,port hardy,291.15,72.0,75.0,4.6
681,19.700476815033554,-114.90050495920954,cabo san lucas,305.82,48.0,20.0,6.2
682,-65.09217357565184,117.58658236712773,albany,298.84,62.0,20.0,2.1
684,-82.18790658660608,52.12912070037555,port alfred,284.721,100.0,0.0,2.81
685,-68.76959501639983,36.87927814625374,port alfred,284.721,100.0,0.0,2.81
686,-44.72703966236968,-90.58444833943261,castro,282.021,99.0,92.0,1.66
687,50.167728488973665,130.63783019094382,talakan,295.071,77.0,20.0,1.66
688,62.28040281129921,62.80607122409617,agirish,278.021,89.0,32.0,1.21
689,-70.48661025995517,-6.935476197648768,cape town,285.15,87.0,20.0,5.7
690,-27.685245683380536,-165.82275642191433,avarua,298.15,65.0,20.0,3.6
691,-61.561182105705775,169.6313664093518,bluff,293.021,78.0,80.0,3.56
692,-79.76001964315438,-115.10276559270577,punta arenas,274.15,80.0,90.0,5.7
693,27.40835125195052,-147.0037768238019,hilo,300.02,65.0,90.0,4.1
694,-68.30909414320419,-50.62867337390696,ushuaia,274.15,64.0,0.0,2.6
695,-26.370999419783246,61.60728455265837,mahebourg,293.15,60.0,20.0,4.1
696,-13.442792010905237,3.506039214097086,namibe,291.571,98.0,0.0,5.51
697,-18.148552784652622,-37.6460979706593,caravelas,298.171,96.0,0.0,7.81
698,-25.59288461640604,-57.36178328408248,yaguaron,281.15,93.0,88.0,1.06
699,73.14204585181574,-80.54583302080883,qaanaaq,278.421,82.0,80.0,4.56
700,-41.33245301399339,-145.04532061271465,mataura,281.271,88.0,20.0,2.01
701,-58.276781747390785,174.12865435411595,kaitangata,281.471,81.0,44.0,1.51
702,15.019703571979193,-42.24350484656611,cayenne,297.15,100.0,0.0,1.0
703,-55.417157795035195,-178.66002834276267,vaini,293.971,98.0,92.0,4.36
704,-40.63150816535513,-29.946220497941198,arraial do cabo,293.871,99.0,56.0,3.46
705,33.125541865333844,99.60861725417783,xining,287.021,87.0,56.0,0.31
706,10.947444786275568,-36.42315564412726,sao filipe,298.571,98.0,92.0,2.56
707,-47.128388750263056,-40.12295044074884,chuy,281.921,90.0,0.0,2.06
708,-14.216075426403307,-70.18107356304719,macusani,282.521,100.0,92.0,1.06
709,16.42830124049722,-51.06196249157543,bathsheba,300.15,83.0,20.0,6.7
710,-55.48482534176996,-87.41944899563462,punta arenas,274.15,80.0,90.0,5.7
711,-39.07865964790795,-27.56217801864514,arraial do cabo,293.871,99.0,56.0,3.46
712,47.93156726695446,-161.3797322620228,bethel,287.15,93.0,90.0,9.8
713,-72.91181188318016,-176.8274210204214,vaini,293.971,98.0,92.0,4.36
714,73.26135507163136,-115.67627931629528,yellowknife,287.15,87.0,90.0,1.0
715,35.91478269390676,-35.23167481614496,ribeira grande,295.671,100.0,0.0,4.91
716,76.51037994181439,-110.35919087586888,yellowknife,287.15,87.0,90.0,1.0
717,-51.11667784223524,-72.9233061074922,punta arenas,274.15,80.0,90.0,5.7
718,53.391570462172155,82.57459583209186,shelabolikha,283.15,87.0,0.0,2.0
719,-11.928203005199194,-21.351382010915756,georgetown,299.15,88.0,0.0,2.1
720,-56.13604330281033,-68.4806943747229,ushuaia,274.15,64.0,0.0,2.6
721,-2.6852196109532684,-70.3474763313868,puerto narino,298.15,94.0,75.0,1.0
722,-63.77539051419728,-111.34401645272648,punta arenas,274.15,80.0,90.0,5.7
723,18.038430915923385,79.00174905346091,siddipet,295.621,89.0,92.0,6.66
724,-16.20453267659863,-162.85460348995696,avarua,298.15,65.0,20.0,3.6
725,17.8867586724309,162.4867640228403,butaritari,302.571,100.0,48.0,1.61
726,-87.55058487962462,-49.533359170066035,ushuaia,274.15,64.0,0.0,2.6
728,43.62023460833157,-61.49127547910177,port hawkesbury,292.15,100.0,90.0,2.1
729,-40.46386528931839,-165.6524785819263,avarua,298.15,65.0,20.0,3.6
730,-70.79663454942981,-10.709025786153717,cape town,285.15,87.0,20.0,5.7
731,-12.104622795244751,146.43883974608713,port moresby,301.15,100.0,40.0,5.1
732,38.76551880612644,-125.64496178022125,fortuna,301.64,42.0,20.0,2.6
733,-9.739948103539248,-86.65986277389547,sechura,294.671,80.0,0.0,5.96
734,-3.5309631714988825,-90.3157276643968,san cristobal,286.15,76.0,20.0,5.1
736,-88.69252202879505,-157.38509373247618,mataura,281.271,88.0,20.0,2.01
737,-24.897241867658195,-36.226262083342476,sao joao da barra,296.221,99.0,8.0,4.21
738,-20.97755338422779,-172.73169263651243,pangai,296.15,69.0,20.0,5.1
739,-33.58377812895092,84.68065550357704,bambous virieux,293.15,60.0,20.0,4.1
740,-41.745352675200365,-159.80859717310014,avarua,298.15,65.0,20.0,3.6
741,67.34697301985466,-49.71725447431186,qasigiannguit,282.15,61.0,40.0,0.5
742,-10.601167076365613,-127.26813659141672,atuona,299.671,99.0,0.0,8.71
743,27.39601905016653,-89.15282911991861,estelle,309.15,30.0,40.0,5.7
744,58.21813941756443,151.3061828124774,ola,290.15,88.0,90.0,4.0
745,28.739210297549675,48.01449474245496,bayan,288.071,100.0,24.0,2.41
746,66.82605184970748,-42.72489266868237,tasiilaq,280.621,95.0,12.0,0.86
747,6.023563297109263,171.37168963301167,butaritari,302.571,100.0,48.0,1.61
748,-49.07518412396901,-4.589410643719475,cape town,285.15,87.0,20.0,5.7
749,-72.17036435065845,3.273561697108363,hermanus,282.921,85.0,24.0,4.06
751,0.28237331060047666,30.727575176840446,kamwenge,287.171,87.0,0.0,0.86
753,33.89926641574807,13.196612124489661,tripoli,292.15,77.0,0.0,2.1
754,72.82414119650406,179.59638815636026,leningradskiy,275.671,98.0,76.0,3.31
755,-75.85149080273534,132.77311796339467,new norfolk,283.15,81.0,90.0,3.6
756,-23.68576474877024,-156.17275727450163,avarua,298.15,65.0,20.0,3.6
757,27.99119866915848,28.25103402782625,matay,298.821,50.0,0.0,4.01
758,-10.154389324877513,-37.72630891111103,carira,295.471,68.0,8.0,5.21
759,22.645615743499377,164.38641278982584,butaritari,302.571,100.0,48.0,1.61
760,-71.87024518563243,72.17588160363115,saint-philippe,299.87,65.0,1.0,3.1
761,-37.70540130694441,139.7957895029001,mount gambier,281.371,100.0,76.0,3.11
762,-62.46086916881977,-149.42191937572989,mataura,281.271,88.0,20.0,2.01
763,36.68658325166413,150.94370132446318,nemuro,287.15,82.0,75.0,2.1
764,39.59778422780505,-109.77257089758129,price,305.15,6.0,1.0,9.8
765,3.056037893699809,161.0112624472158,kieta,299.371,100.0,88.0,3.16
766,-7.264434353729683,43.188825497782375,kilindoni,297.771,100.0,0.0,3.06
767,16.38392698303916,154.1823971445599,kavieng,297.721,100.0,92.0,2.71
768,8.757487154797062,-130.69947324857262,atuona,299.671,99.0,0.0,8.71
769,-55.495283222967366,-36.35634045628524,mar del plata,282.471,81.0,48.0,1.51
770,67.77328052723274,-109.09252281084683,yellowknife,287.15,87.0,90.0,1.0
771,13.90899877017344,-172.95165892787728,kapaa,301.9,83.0,90.0,8.7
772,20.463813551556584,74.6375841510395,malegaon,295.971,94.0,88.0,6.81
773,-36.25543004577991,132.65688121021697,port lincoln,283.971,100.0,44.0,11.26
775,-56.63000530660523,-105.98690901032487,castro,282.021,99.0,92.0,1.66
776,45.422812745768965,-165.57024556877568,bethel,287.15,93.0,90.0,9.8
777,-84.56530385324852,50.666133238100144,port alfred,284.721,100.0,0.0,2.81
779,-18.25165367130988,27.362373842918544,hwange,286.971,49.0,0.0,3.01
780,-16.135587438340536,-132.1986887465448,rikitea,296.421,100.0,20.0,7.26
781,32.90152275247529,-120.95574162061187,lompoc,294.8,60.0,1.0,7.2
782,49.95941132040602,77.7713796129014,aksu,285.15,81.0,0.0,5.0
783,-69.22751537060115,164.0887441068661,bluff,293.021,78.0,80.0,3.56
784,-56.738691973780554,77.84285517768478,souillac,297.64,47.0,0.0,3.6
785,72.33697250956155,-8.63065862704596,vestmanna,284.15,100.0,92.0,3.1
786,-63.772143595524724,89.33723521865767,busselton,287.171,100.0,92.0,4.46
787,-88.57128954315544,-111.32977861521918,punta arenas,274.15,80.0,90.0,5.7
788,4.165218727938949,-126.50805366106415,atuona,299.671,99.0,0.0,8.71
789,59.85324053761542,-104.42936173493369,la ronge,292.15,59.0,75.0,3.1
790,-53.32446800584145,130.6980310503493,mount gambier,281.371,100.0,76.0,3.11
791,67.97172045774454,86.3500204915623,igarka,281.671,97.0,56.0,5.66
792,69.9085378512512,-104.56622545289122,yellowknife,287.15,87.0,90.0,1.0
793,45.56836285454642,-98.18725435099458,aberdeen,300.15,57.0,1.0,1.96
794,-47.25632672757005,-114.68713793715987,rikitea,296.421,100.0,20.0,7.26
797,-78.38888194704487,19.149030512402447,bredasdorp,283.15,76.0,0.0,4.1
798,-37.40550507033954,127.46130493997379,esperance,300.15,78.0,20.0,3.1
799,55.02254874797717,-13.992776163608255,westport,288.421,99.0,100.0,5.86
